category,name,prototype,line_start,line_end,仕様要約,Rust 対応先
version/reference,xc_reference,const char *xc_reference();,17,17,ライブラリ参照情報/版情報,"meta::library::{reference, version}"
version/reference,xc_reference_doi,const char *xc_reference_doi();,19,19,ライブラリ参照情報/版情報,"meta::library::{reference, version}"
version/reference,xc_reference_key,const char *xc_reference_key();,21,21,ライブラリ参照情報/版情報,"meta::library::{reference, version}"
version/reference,xc_version,"void xc_version(int *major, int *minor, int *micro);",24,24,ライブラリ参照情報/版情報,"meta::library::{reference, version}"
version/reference,xc_version_string,const char *xc_version_string();,26,26,ライブラリ参照情報/版情報,"meta::library::{reference, version}"
reference getter,xc_func_reference_get_ref,const char *xc_func_reference_get_ref(const func_reference_type *reference);,177,177,文献メタデータ取得,meta::Reference
reference getter,xc_func_reference_get_doi,const char *xc_func_reference_get_doi(const func_reference_type *reference);,178,178,文献メタデータ取得,meta::Reference
reference getter,xc_func_reference_get_bibtex,const char *xc_func_reference_get_bibtex(const func_reference_type *reference);,179,179,文献メタデータ取得,meta::Reference
reference getter,xc_func_reference_get_key,const char *xc_func_reference_get_key(const func_reference_type *reference);,180,180,文献メタデータ取得,meta::Reference
info getter,xc_func_info_get_number,int xc_func_info_get_number(const xc_func_info_type *info);,305,305,functional 静的メタデータ取得,meta::FunctionalMeta
info getter,xc_func_info_get_kind,int xc_func_info_get_kind(const xc_func_info_type *info);,306,306,functional 静的メタデータ取得,meta::FunctionalMeta
metadata getter,xc_func_info_get_name,char const *xc_func_info_get_name(const xc_func_info_type *info);,307,307,静的 functional metadata 取得,meta::FunctionalMeta
info getter,xc_func_info_get_family,int xc_func_info_get_family(const xc_func_info_type *info);,308,308,functional 静的メタデータ取得,meta::FunctionalMeta
info getter,xc_func_info_get_flags,int xc_func_info_get_flags(const xc_func_info_type *info);,309,309,functional 静的メタデータ取得,meta::FunctionalMeta
metadata getter,xc_func_info_get_references,"const func_reference_type *xc_func_info_get_references(const xc_func_info_type *info, int number);",310,310,静的 functional metadata 取得,meta::FunctionalMeta
info getter,xc_func_info_get_n_ext_params,int xc_func_info_get_n_ext_params(const xc_func_info_type *info);,313,313,functional 静的メタデータ取得,meta::FunctionalMeta
metadata getter,xc_func_info_get_ext_params_name,"char const *xc_func_info_get_ext_params_name(const xc_func_info_type *p, int number);",314,314,静的 functional metadata 取得,meta::FunctionalMeta
metadata getter,xc_func_info_get_ext_params_description,"char const *xc_func_info_get_ext_params_description(const xc_func_info_type *info, int number);",315,315,静的 functional metadata 取得,meta::FunctionalMeta
info getter,xc_func_info_get_ext_params_default_value,"double xc_func_info_get_ext_params_default_value(const xc_func_info_type *info, int number);",316,316,functional 静的メタデータ取得,meta::FunctionalMeta
registry/introspection,xc_functional_get_number,int xc_functional_get_number(const char *name);,370,370,名前↔ID 解決,registry::Registry
registry/introspection,xc_functional_get_name,char *xc_functional_get_name(int number);,372,372,名前↔ID 解決,registry::Registry
registry/introspection,xc_family_from_id,"int xc_family_from_id(int id, int *family, int *number);",374,374,ID→family 分類,registry::Registry
registry/introspection,xc_number_of_functionals,int xc_number_of_functionals();,377,377,レジストリ列挙,registry::Registry
registry/introspection,xc_maximum_name_length,int xc_maximum_name_length();,379,379,レジストリ列挙,registry::Registry
registry/introspection,xc_available_functional_numbers,void xc_available_functional_numbers(int *list);,381,381,レジストリ列挙,registry::Registry
registry/introspection,xc_available_functional_numbers_by_name,void xc_available_functional_numbers_by_name(int *list);,384,384,レジストリ列挙,registry::Registry
registry/introspection,xc_available_functional_names,void xc_available_functional_names(char **list);,387,387,レジストリ列挙,registry::Registry
lifecycle,xc_func_alloc,xc_func_type *xc_func_alloc();,390,390,インスタンス割当/初期化/破棄,compat::raw_handle::RawHandle / api::Functional
lifecycle,xc_func_init,"int xc_func_init(xc_func_type *p, int functional, int nspin);",392,392,インスタンス確保/初期化/破棄,compat::raw::Handle / core::Functional
lifecycle,xc_func_end,void xc_func_end(xc_func_type *p);,394,394,インスタンス確保/初期化/破棄,compat::raw::Handle / core::Functional
lifecycle,xc_func_free,void xc_func_free(xc_func_type *p);,396,396,インスタンス確保/初期化/破棄,compat::raw::Handle / core::Functional
lifecycle,xc_func_get_info,const xc_func_info_type *xc_func_get_info(const xc_func_type *p);,398,398,インスタンス割当/初期化/破棄,compat::raw_handle::RawHandle / api::Functional
instance config/ext params,xc_func_set_dens_threshold,"void xc_func_set_dens_threshold(xc_func_type *p, double t_dens);",401,401,閾値/外部パラメータ設定,core::Functional / builder::FunctionalBuilder
instance config/ext params,xc_func_set_zeta_threshold,"void xc_func_set_zeta_threshold(xc_func_type *p, double t_zeta);",403,403,閾値/外部パラメータ設定,core::Functional / builder::FunctionalBuilder
instance config/ext params,xc_func_set_sigma_threshold,"void xc_func_set_sigma_threshold(xc_func_type *p, double t_sigma);",405,405,閾値/外部パラメータ設定,core::Functional / builder::FunctionalBuilder
instance config/ext params,xc_func_set_tau_threshold,"void xc_func_set_tau_threshold(xc_func_type *p, double t_tau);",407,407,閾値/外部パラメータ設定,core::Functional / builder::FunctionalBuilder
instance config/ext params,xc_func_set_ext_params,"void xc_func_set_ext_params(xc_func_type *p, const double *ext_params);",410,410,閾値/外部パラメータ設定,core::Functional / builder::FunctionalBuilder
instance config/ext params,xc_func_get_ext_params,"void xc_func_get_ext_params(const xc_func_type *p, double *ext_params);",412,412,閾値/外部パラメータ設定,core::Functional / builder::FunctionalBuilder
instance config/ext params,xc_func_set_ext_params_name,"void xc_func_set_ext_params_name(xc_func_type *p, const char *name, double par);",414,414,閾値/外部パラメータ設定,core::Functional / builder::FunctionalBuilder
instance config/ext params,xc_func_get_ext_params_name,"double xc_func_get_ext_params_name(const xc_func_type *p, const char *name);",416,416,閾値/外部パラメータ設定,core::Functional / builder::FunctionalBuilder
instance config/ext params,xc_func_get_ext_params_value,"double xc_func_get_ext_params_value(const xc_func_type *p, int number);",418,418,閾値/外部パラメータ設定,core::Functional / builder::FunctionalBuilder
new family API,xc_lda_new,"void xc_lda_new (const xc_func_type *p, int order, size_t np, const double *rho, xc_lda_out_params *out);",424,425,family 別 out-struct API,compat::eval::lda_into / core::Functional::evaluate_into
new family API,xc_gga_new,"void xc_gga_new (const xc_func_type *p, int order, size_t np, const double *rho, const double *sigma, xc_gga_out_params *out);",426,427,family 別 out-struct API,compat::eval::gga_into / core::Functional::evaluate_into
legacy aggregate API,xc_lda,"void xc_lda (const xc_func_type *p, size_t np, const double *rho, double *zk LDA_OUT_PARAMS_NO_EXC(XC_COMMA double *, ));",430,431,旧集約 API,compat::eval::lda_legacy / core::Functional::evaluate_into
legacy aggregate API,xc_gga,"void xc_gga (const xc_func_type *p, size_t np, const double *rho, const double *sigma, double *zk GGA_OUT_PARAMS_NO_EXC(XC_COMMA double *, ));",433,434,旧集約 API,compat::eval::gga_legacy / core::Functional::evaluate_into
legacy aggregate API,xc_mgga,"void xc_mgga(const xc_func_type *p, size_t np, const double *rho, const double *sigma, const double *lapl_rho, const double *tau, double *zk MGGA_OUT_PARAMS_NO_EXC(XC_COMMA double *, ));",436,438,旧集約 API,compat::eval::mgga_legacy / core::Functional::evaluate_into
specialized derivative API,xc_lda_exc,"void xc_lda_exc (const xc_func_type *p, size_t np, const double *rho, double *zk);",441,441,派生次数別 API,compat::eval::lda_* / core::Functional::evaluate_into
specialized derivative API,xc_gga_exc,"void xc_gga_exc (const xc_func_type *p, size_t np, const double *rho, const double *sigma, double *zk);",443,444,派生次数別 API,compat::eval::gga_* / core::Functional::evaluate_into
specialized derivative API,xc_mgga_exc,"void xc_mgga_exc(const xc_func_type *p, size_t np, const double *rho, const double *sigma, const double *lapl, const double *tau, double *zk);",446,448,派生次数別 API,compat::eval::mgga_* / core::Functional::evaluate_into
specialized derivative API,xc_lda_exc_vxc,"void xc_lda_exc_vxc (const xc_func_type *p, size_t np, const double *rho, double *zk, double *vrho);",451,451,派生次数別 API,compat::eval::lda_* / core::Functional::evaluate_into
specialized derivative API,xc_gga_exc_vxc,"void xc_gga_exc_vxc (const xc_func_type *p, size_t np, const double *rho, const double *sigma, double *zk, double *vrho, double *vsigma);",453,454,派生次数別 API,compat::eval::gga_* / core::Functional::evaluate_into
specialized derivative API,xc_mgga_exc_vxc,"void xc_mgga_exc_vxc(const xc_func_type *p, size_t np, const double *rho, const double *sigma, const double *lapl, const double *tau, double *zk, double *vrho, double *vsigma, double *vlapl, double *vtau);",456,458,派生次数別 API,compat::eval::mgga_* / core::Functional::evaluate_into
specialized derivative API,xc_lda_vxc,"void xc_lda_vxc (const xc_func_type *p, size_t np, const double *rho, double *vrho);",461,461,派生次数別 API,compat::eval::lda_* / core::Functional::evaluate_into
specialized derivative API,xc_gga_vxc,"void xc_gga_vxc (const xc_func_type *p, size_t np, const double *rho, const double *sigma, double *vrho, double *vsigma);",463,464,派生次数別 API,compat::eval::gga_* / core::Functional::evaluate_into
specialized derivative API,xc_mgga_vxc,"void xc_mgga_vxc(const xc_func_type *p, size_t np, const double *rho, const double *sigma, const double *lapl, const double *tau, double *vrho, double *vsigma, double *vlapl, double *vtau);",466,468,派生次数別 API,compat::eval::mgga_* / core::Functional::evaluate_into
specialized derivative API,xc_lda_exc_vxc_fxc,"void xc_lda_exc_vxc_fxc (const xc_func_type *p, size_t np, const double *rho, double *zk, double *vrho, double *v2rho2);",471,471,派生次数別 API,compat::eval::lda_* / core::Functional::evaluate_into
specialized derivative API,xc_gga_exc_vxc_fxc,"void xc_gga_exc_vxc_fxc (const xc_func_type *p, size_t np, const double *rho, const double *sigma, double *zk, double *vrho, double *vsigma, double *v2rho2, double *v2rhosigma, double *v2sigma2);",473,474,派生次数別 API,compat::eval::gga_* / core::Functional::evaluate_into
specialized derivative API,xc_mgga_exc_vxc_fxc,"void xc_mgga_exc_vxc_fxc(const xc_func_type *p, size_t np, const double *rho, const double *sigma, const double *lapl, const double *tau, double *zk, double *vrho, double *vsigma, double *vlapl, double *vtau, double *v2rho2, double *v2rhosigma, double *v2rholapl, double *v2rhotau, double *v2sigma2, double *v2sigmalapl, double *v2sigmatau, double *v2lapl2, double *v2lapltau, double *v2tau2);",476,481,派生次数別 API,compat::eval::mgga_* / core::Functional::evaluate_into
specialized derivative API,xc_lda_vxc_fxc,"void xc_lda_vxc_fxc (const xc_func_type *p, size_t np, const double *rho, double *vrho, double *v2rho2);",484,484,派生次数別 API,compat::eval::lda_* / core::Functional::evaluate_into
specialized derivative API,xc_gga_vxc_fxc,"void xc_gga_vxc_fxc (const xc_func_type *p, size_t np, const double *rho, const double *sigma, double *vrho, double *vsigma, double *v2rho2, double *v2rhosigma, double *v2sigma2);",486,487,派生次数別 API,compat::eval::gga_* / core::Functional::evaluate_into
specialized derivative API,xc_mgga_vxc_fxc,"void xc_mgga_vxc_fxc(const xc_func_type *p, size_t np, const double *rho, const double *sigma, const double *lapl, const double *tau, double *vrho, double *vsigma, double *vlapl, double *vtau, double *v2rho2, double *v2rhosigma, double *v2rholapl, double *v2rhotau, double *v2sigma2, double *v2sigmalapl, double *v2sigmatau, double *v2lapl2, double *v2lapltau, double *v2tau2);",489,494,派生次数別 API,compat::eval::mgga_* / core::Functional::evaluate_into
specialized derivative API,xc_lda_fxc,"void xc_lda_fxc (const xc_func_type *p, size_t np, const double *rho, double *v2rho2);",497,497,派生次数別 API,compat::eval::lda_* / core::Functional::evaluate_into
specialized derivative API,xc_gga_fxc,"void xc_gga_fxc (const xc_func_type *p, size_t np, const double *rho, const double *sigma, double *v2rho2, double *v2rhosigma, double *v2sigma2);",499,500,派生次数別 API,compat::eval::gga_* / core::Functional::evaluate_into
specialized derivative API,xc_mgga_fxc,"void xc_mgga_fxc(const xc_func_type *p, size_t np, const double *rho, const double *sigma, const double *lapl, const double *tau, double *v2rho2, double *v2rhosigma, double *v2rholapl, double *v2rhotau, double *v2sigma2, double *v2sigmalapl, double *v2sigmatau, double *v2lapl2, double *v2lapltau, double *v2tau2);",502,506,派生次数別 API,compat::eval::mgga_* / core::Functional::evaluate_into
specialized derivative API,xc_lda_exc_vxc_fxc_kxc,"void xc_lda_exc_vxc_fxc_kxc (const xc_func_type *p, size_t np, const double *rho, double *zk, double *vrho, double *v2rho2, double *v3rho3);",509,509,派生次数別 API,compat::eval::lda_* / core::Functional::evaluate_into
specialized derivative API,xc_gga_exc_vxc_fxc_kxc,"void xc_gga_exc_vxc_fxc_kxc (const xc_func_type *p, size_t np, const double *rho, const double *sigma, double *zk, double *vrho, double *vsigma, double *v2rho2, double *v2rhosigma, double *v2sigma2, double *v3rho3, double *v3rho2sigma, double *v3rhosigma2, double *v3sigma3);",511,513,派生次数別 API,compat::eval::gga_* / core::Functional::evaluate_into
specialized derivative API,xc_mgga_exc_vxc_fxc_kxc,"void xc_mgga_exc_vxc_fxc_kxc(const xc_func_type *p, size_t np, const double *rho, const double *sigma, const double *lapl, const double *tau, double *zk, double *vrho, double *vsigma, double *vlapl, double *vtau, double *v2rho2, double *v2rhosigma, double *v2rholapl, double *v2rhotau, double *v2sigma2, double *v2sigmalapl, double *v2sigmatau, double *v2lapl2, double *v2lapltau, double *v2tau2, double *v3rho3, double *v3rho2sigma, double *v3rho2lapl, double *v3rho2tau, double *v3rhosigma2, double *v3rhosigmalapl, double *v3rhosigmatau, double *v3rholapl2, double *v3rholapltau, double *v3rhotau2, double *v3sigma3, double *v3sigma2lapl, double *v3sigma2tau, double *v3sigmalapl2, double *v3sigmalapltau, double *v3sigmatau2, double *v3lapl3, double *v3lapl2tau, double *v3lapltau2, double *v3tau3);",515,526,派生次数別 API,compat::eval::mgga_* / core::Functional::evaluate_into
specialized derivative API,xc_lda_vxc_fxc_kxc,"void xc_lda_vxc_fxc_kxc (const xc_func_type *p, size_t np, const double *rho, double *vrho, double *v2rho2, double *v3rho3);",529,529,派生次数別 API,compat::eval::lda_* / core::Functional::evaluate_into
specialized derivative API,xc_gga_vxc_fxc_kxc,"void xc_gga_vxc_fxc_kxc (const xc_func_type *p, size_t np, const double *rho, const double *sigma, double *vrho, double *vsigma, double *v2rho2, double *v2rhosigma, double *v2sigma2, double *v3rho3, double *v3rho2sigma, double *v3rhosigma2, double *v3sigma3);",531,533,派生次数別 API,compat::eval::gga_* / core::Functional::evaluate_into
specialized derivative API,xc_mgga_vxc_fxc_kxc,"void xc_mgga_vxc_fxc_kxc(const xc_func_type *p, size_t np, const double *rho, const double *sigma, const double *lapl, const double *tau, double *vrho, double *vsigma, double *vlapl, double *vtau, double *v2rho2, double *v2rhosigma, double *v2rholapl, double *v2rhotau, double *v2sigma2, double *v2sigmalapl, double *v2sigmatau, double *v2lapl2, double *v2lapltau, double *v2tau2, double *v3rho3, double *v3rho2sigma, double *v3rho2lapl, double *v3rho2tau, double *v3rhosigma2, double *v3rhosigmalapl, double *v3rhosigmatau, double *v3rholapl2, double *v3rholapltau, double *v3rhotau2, double *v3sigma3, double *v3sigma2lapl, double *v3sigma2tau, double *v3sigmalapl2, double *v3sigmalapltau, double *v3sigmatau2, double *v3lapl3, double *v3lapl2tau, double *v3lapltau2, double *v3tau3);",535,546,派生次数別 API,compat::eval::mgga_* / core::Functional::evaluate_into
specialized derivative API,xc_lda_kxc,"void xc_lda_kxc (const xc_func_type *p, size_t np, const double *rho, double *v3rho3);",549,549,派生次数別 API,compat::eval::lda_* / core::Functional::evaluate_into
specialized derivative API,xc_gga_kxc,"void xc_gga_kxc (const xc_func_type *p, size_t np, const double *rho, const double *sigma, double *v3rho3, double *v3rho2sigma, double *v3rhosigma2, double *v3sigma3);",551,552,派生次数別 API,compat::eval::gga_* / core::Functional::evaluate_into
specialized derivative API,xc_mgga_kxc,"void xc_mgga_kxc(const xc_func_type *p, size_t np, const double *rho, const double *sigma, const double *lapl, const double *tau, double *v3rho3, double *v3rho2sigma, double *v3rho2lapl, double *v3rho2tau, double *v3rhosigma2, double *v3rhosigmalapl, double *v3rhosigmatau, double *v3rholapl2, double *v3rholapltau, double *v3rhotau2, double *v3sigma3, double *v3sigma2lapl, double *v3sigma2tau, double *v3sigmalapl2, double *v3sigmalapltau, double *v3sigmatau2, double *v3lapl3, double *v3lapl2tau, double *v3lapltau2, double *v3tau3);",554,561,派生次数別 API,compat::eval::mgga_* / core::Functional::evaluate_into
specialized derivative API,xc_lda_lxc,"void xc_lda_lxc (const xc_func_type *p, size_t np, const double *rho, double *v4rho4);",564,564,派生次数別 API,compat::eval::lda_* / core::Functional::evaluate_into
specialized derivative API,xc_gga_lxc,"void xc_gga_lxc (const xc_func_type *p, size_t np, const double *rho, const double *sigma, double *v4rho4, double *v4rho3sigma, double *v4rho2sigma2, double *v4rhosigma3, double *v4sigma4);",566,568,派生次数別 API,compat::eval::gga_* / core::Functional::evaluate_into
specialized derivative API,xc_mgga_lxc,"void xc_mgga_lxc(const xc_func_type *p, size_t np, const double *rho, const double *sigma, const double *lapl, const double *tau, double *v4rho4, double *v4rho3sigma, double *v4rho3lapl, double *v4rho3tau, double *v4rho2sigma2, double *v4rho2sigmalapl, double *v4rho2sigmatau, double *v4rho2lapl2, double *v4rho2lapltau, double *v4rho2tau2, double *v4rhosigma3, double *v4rhosigma2lapl, double *v4rhosigma2tau, double *v4rhosigmalapl2, double *v4rhosigmalapltau, double *v4rhosigmatau2, double *v4rholapl3, double *v4rholapl2tau, double *v4rholapltau2, double *v4rhotau3, double *v4sigma4, double *v4sigma3lapl, double *v4sigma3tau, double *v4sigma2lapl2, double *v4sigma2lapltau, double *v4sigma2tau2, double *v4sigmalapl3, double *v4sigmalapl2tau, double *v4sigmalapltau2, double *v4sigmatau3, double *v4lapl4, double *v4lapl3tau, double *v4lapl2tau2, double *v4lapltau3, double *v4tau4);",570,580,派生次数別 API,compat::eval::mgga_* / core::Functional::evaluate_into
special function,xc_gga_ak13_get_asymptotic,double xc_gga_ak13_get_asymptotic (double homo);,583,583,AK13 特殊計算,special::ak13
special function,xc_gga_ak13_pars_get_asymptotic,"double xc_gga_ak13_pars_get_asymptotic (double homo, const double *ext_params);",585,585,AK13 特殊計算,special::ak13
hybrid/nlc/aux info,xc_hyb_type,int xc_hyb_type(const xc_func_type *p);,588,588,hybrid 情報取得,meta::HybridInfo / meta::AuxiliaryGraph
hybrid/nlc/aux info,xc_hyb_exx_coef,double xc_hyb_exx_coef(const xc_func_type *p);,590,590,hybrid 情報取得,meta::HybridInfo / meta::AuxiliaryGraph
hybrid/nlc/aux info,xc_hyb_cam_coef,"void xc_hyb_cam_coef(const xc_func_type *p, double *omega, double *alpha, double *beta);",592,592,hybrid 情報取得,meta::HybridInfo / meta::AuxiliaryGraph
hybrid/nlc/aux info,xc_nlc_coef,"void xc_nlc_coef(const xc_func_type *p, double *nlc_b, double *nlc_C);",594,594,VV10/NLC 係数取得,meta::HybridInfo / meta::AuxiliaryGraph
hybrid/nlc/aux info,xc_num_aux_funcs,int xc_num_aux_funcs(const xc_func_type *p);,597,597,補助 functional 情報取得,meta::HybridInfo / meta::AuxiliaryGraph
hybrid/nlc/aux info,xc_aux_func_ids,"void xc_aux_func_ids(const xc_func_type *p, int *ids);",599,599,補助 functional 情報取得,meta::HybridInfo / meta::AuxiliaryGraph
hybrid/nlc/aux info,xc_aux_func_weights,"void xc_aux_func_weights(const xc_func_type *p, double *weights);",601,601,補助 functional 情報取得,meta::HybridInfo / meta::AuxiliaryGraph
