gga_x_hcth_a	21	34	FULL	1	
gga_x_ev93	19	35	FULL	1	param_a1,param_a2,param_a3,param_b1,param_b2,param_b3
gga_x_q2d	18	48	FULL	1	
gga_k_tflw	22	52	FULL	1	param_gamma,param_lambda
gga_k_apbeint	20	54	FULL	1	param_alpha,param_kappa,param_muGE,param_muPBE
gga_x_ak13	20	56	FULL	1	param_B1,param_B2
gga_k_meyer	18	57	FULL	1	
gga_x_lv_rpw86	19	58	FULL	1	
gga_x_pbeint	20	60	FULL	1	param_alpha,param_kappa,param_muGE,param_muPBE
gga_x_vmt84	18	68	FULL	1	param_alpha,param_mu
gga_x_vmt	21	70	FULL	1	param_alpha,param_mu
gga_x_n12	17	82	FULL	1	param_CC_0_0,param_CC_0_1,param_CC_0_2,param_CC_0_3,param_CC_1_0,param_CC_1_1,param_CC_1_2,param_CC_1_3,param_CC_2_0,param_CC_2_1,param_CC_2_2,param_CC_2_3,param_CC_3_0,param_CC_3_1,param_CC_3_2,param_CC_3_3
gga_c_op_xalpha	21	84	FULL	1	
gga_c_op_g96	17	85	FULL	1	
gga_c_op_pbe	16	86	FULL	1	
gga_c_op_b88	16	87	FULL	1	
gga_x_ssb_sw	20	90	FULL	1	param_A,param_B,param_C,param_D,param_E
gga_x_bpccac	17	98	FULL	1	
gga_c_tca	19	100	FULL	1	
gga_x_pbe	22	101	FULL	1	param_kappa,param_mu
gga_x_b86	21	103	FULL	1	param_beta,param_gamma,param_omega
gga_x_b88	21	106	FULL	1	param_beta,param_gamma
gga_x_g96	22	107	FULL	1	
gga_x_pw86	21	108	FULL	1	param_aa,param_bb,param_cc
gga_x_pw91	15	109	FULL	1	param_a,param_alpha,param_b,param_c,param_d,param_expo,param_f
gga_x_optx	12	110	FULL	1	param_a,param_b,param_gamma
gga_x_dk87	14	111	FULL	1	param_a1,param_alpha,param_b1
gga_x_lg93	18	113	FULL	1	
gga_x_rpbe	22	117	FULL	1	param_rpbe_kappa,param_rpbe_mu
gga_x_wc	20	118	FULL	1	
gga_x_am05	17	120	FULL	1	param_alpha,param_c
gga_x_pbea	22	121	FULL	1	
gga_x_mpbe	20	122	FULL	1	param_a,param_c1,param_c2,param_c3
gga_x_2d_b86_mgc	22	124	FULL	1	
gga_x_bayesian	20	125	FULL	1	
gga_x_2d_b88	21	127	FULL	1	
gga_x_2d_b86	21	128	FULL	1	
gga_x_2d_pbe	22	129	FULL	1	
gga_c_pbe	4g	130	FULL	1	param_BB,param_beta,param_gamma
gga_c_lyp	18	131	FULL	1	param_a,param_b,param_c,param_d
gga_c_p86	18	132	FULL	1	param_aa,param_bb,param_ftilde,param_malpha,param_mbeta,param_mdelta,param_mgamma
gga_c_am05	18	135	FULL	1	param_alpha,param_gamma
gga_c_lm	19	137	FULL	1	param_lm_f
gga_x_rge2	22	142	FULL	1	
gga_x_kt	20	145	FULL	1	param_delta,param_gamma
gga_c_wl	19	147	FULL	1	
gga_c_wi	21	148	FULL	1	param_a,param_b,param_c,param_d,param_k
gga_x_sogga11	18	151	FULL	1	param_a_0,param_a_1,param_a_2,param_a_3,param_a_4,param_a_5,param_b_0,param_b_1,param_b_2,param_b_3,param_b_4,param_b_5,param_kappa,param_mu
gga_xc_th1	18	154	FULL	1	param_omega_0,param_omega_1,param_omega_2,param_omega_3,param_omega_4,param_omega_5,param_omega_6,param_omega_7,param_omega_8,param_omega_9,param_omega_10,param_omega_11,param_omega_12,param_omega_13,param_omega_14,param_omega_15,param_omega_20
gga_xc_th2	19	155	FULL	1	
gga_xc_th3	18	156	FULL	1	param_omega_0,param_omega_1,param_omega_2,param_omega_3,param_omega_4,param_omega_5,param_omega_6,param_omega_7,param_omega_8,param_omega_9,param_omega_10,param_omega_11,param_omega_12,param_omega_13,param_omega_18
gga_x_c09x	22	158	FULL	1	
gga_x_lb	8d	160	VXC_ONLY	0	param_alpha,param_beta,param_gamma
gga_x_lspbe	22	168	FULL	1	param_alpha,param_kappa,param_mu
gga_x_lsrpbe	22	169	FULL	1	param_alpha,param_kappa,param_mu
gga_x_ncap	17	180	FULL	1	param_alpha,param_beta,param_mu,param_zeta
gga_x_ol2	22	183	FULL	1	param_aa,param_bb,param_cc
gga_k_apbe	22	185	FULL	1	param_kappa,param_mu
gga_x_htbs	19	191	FULL	1	
gga_x_airy	19	192	FULL	1	
gga_x_lag	20	193	FULL	1	
gga_c_pbe_vwn	14	216	FULL	1	param_BB,param_beta,param_gamma
gga_k_rational_p	21	218	FULL	1	param_C2,param_p
gga_k_pg	22	219	FULL	1	param_pg_mu
gga_c_p86vwn	16	252	FULL	1	param_aa,param_bb,param_ftilde,param_malpha,param_mbeta,param_mdelta,param_mgamma
gga_c_op_pw91	16	262	FULL	1	
gga_x_cap	20	270	FULL	1	param_alphaoAx,param_c
gga_c_bmk	6d	280	FULL	1	param_c_ab_0,param_c_ab_1,param_c_ab_2,param_c_ab_3,param_c_ab_4,param_c_ss_0,param_c_ss_1,param_c_ss_2,param_c_ss_3,param_c_ss_4
gga_x_beefvdw	17	285	FULL	1	
gga_x_pbetrans	19	291	FULL	1	
gga_x_chachiyo	13	298	FULL	1	
gga_c_chachiyo	20	309	FULL	1	param_af,param_ap,param_bf,param_bp,param_cf,param_cp,param_h
gga_c_ccdf	17	313	FULL	1	param_c1,param_c2,param_c3,param_c4,param_c5
hyb_gga_xc_case21	15	390	FULL	1	param_ax,param_gammac,param_gammax,param_cx_0,param_cx_1,param_cx_2,param_cx_3,param_cx_4,param_cx_5,param_cx_6,param_cx_7,param_cx_8,param_cx_9,param_cc_0,param_cc_1,param_cc_2,param_cc_3,param_cc_4,param_cc_5,param_cc_6,param_cc_7,param_cc_8,param_cc_9
gga_x_s12	20	495	FULL	1	param_A,param_B,param_C,param_D,param_E,param_bx
gga_k_pearson	22	511	FULL	1	
gga_k_ol1	22	512	FULL	1	
gga_k_ol2	22	513	FULL	1	param_aa,param_bb,param_cc
gga_k_pw86	21	515	FULL	1	
gga_k_dk	19	516	FULL	1	param_aa_0,param_aa_1,param_aa_2,param_aa_3,param_aa_4,param_bb_0,param_bb_1,param_bb_2,param_bb_3,param_bb_4
gga_k_lc94	19	521	FULL	1	param_a,param_alpha,param_b,param_c,param_d,param_expo,param_f
gga_k_llp	21	522	FULL	1	param_beta,param_gamma
gga_k_thakkar	20	523	FULL	1	
gga_x_ityh	15	529	FULL	1	param_hyb_omega_0
gga_x_sfat	14	530	FULL	1	param_hyb_omega_0
gga_x_sg4	20	533	FULL	1	
gga_x_gg99	5g	535	FULL	1	
gga_x_pbepow	21	539	FULL	1	
gga_c_scan_e0	15	553	FULL	1	
gga_c_w94	21	561	FULL	1	
gga_c_cs1	18	565	FULL	1	
gga_k_exp4	22	597	FULL	1	
gga_x_sfat_pbe	14	601	FULL	1	param_hyb_omega_0
gga_x_fd_lb94	21	604	FULL	1	param_beta
gga_k_lkt	21	613	FULL	1	param_a
gga_k_mpbe	20	616	FULL	1	param_a,param_c1,param_c2,param_c3
gga_k_vt84f	17	619	FULL	1	param_alpha,param_mu
gga_k_lgap	21	620	FULL	1	param_kappa,param_mu_0,param_mu_1,param_mu_2
gga_x_ityh_optx	16	622	FULL	1	param_a,param_b,param_hyb_omega_0
gga_x_ityh_pbe	15	623	FULL	1	param_hyb_omega_0,param_kappa,param_mu
gga_c_lypr	16	624	FULL	1	param_a,param_b,param_c,param_d,param_m1,param_m2,param_omega
gga_k_lgap_ge	22	633	FULL	1	param_mu_0,param_mu_1,param_mu_2
hyb_gga_x_cam_s12	15	646	FULL	1	param_A,param_B,param_C,param_D,param_E,param_hyb_coeff_0,param_hyb_coeff_1,param_hyb_omega_0
gga_x_pbe_erf_gws	17	655	FULL	1	param_ax,param_b_PBE,param_hyb_omega_0,param_kappa
gga_x_q1d	19	734	FULL	1	
gga_x_herman	22	UNKNOWN	FULL	1	
